INSERT INTO `user` (uuid, firstName, lastName, fullName, description, username, password, lastLoginTime, deleted) VALUES ('588968f0-8d2a-11e3-baa8-0800200c9a66', 'Ben', 'Heasly', 'Ben Heasly Baseline', 'Add baseline data with bioko-style location ids', 'bsh-baseline', 'bsh-baseline', 0, false);
INSERT INTO `user_roles` (user_uuid, role_uuid) VALUES ('588968f0-8d2a-11e3-baa8-0800200c9a66', 'ROLE1');

INSERT INTO `fieldworker` (uuid, extid, firstname, lastname, deleted) VALUES ('588968f1-8d2a-11e3-baa8-0800200c9a66','FWBH1', 'Ben', 'Heasly', false);

INSERT INTO `locationhierarchylevel` (uuid,keyIdentifier,name) VALUES('uuid-Region',1,'Region');
INSERT INTO `locationhierarchylevel` (uuid,keyIdentifier,name) VALUES('uuid-MapArea',2,'MapArea');
INSERT INTO `locationhierarchylevel` (uuid,keyIdentifier,name) VALUES('uuid-Sector',3,'Sector');

INSERT INTO `locationhierarchy` (uuid,name,extId,level_uuid,parent_uuid,insertDate,voidDate,voidReason,voidBy_uuid,deleted,collectedBy_uuid,insertBy_uuid,status) VALUES ('uuid-Bioko','Bioko Island','Bioko','uuid-Region','hierarchy_root','2014-04-02',NULL,NULL,NULL,false,'588968f1-8d2a-11e3-baa8-0800200c9a66','588968f0-8d2a-11e3-baa8-0800200c9a66','A');

INSERT INTO `locationhierarchy` (uuid,name,extId,level_uuid,parent_uuid,insertDate,voidDate,voidReason,voidBy_uuid,deleted,collectedBy_uuid,insertBy_uuid,status) VALUES ('uuid-M1000','MapArea1000','M1000','uuid-MapArea','uuid-Bioko','2014-04-02',NULL,NULL,NULL,false,'588968f1-8d2a-11e3-baa8-0800200c9a66','588968f0-8d2a-11e3-baa8-0800200c9a66','A');
INSERT INTO `locationhierarchy` (uuid,name,extId,level_uuid,parent_uuid,insertDate,voidDate,voidReason,voidBy_uuid,deleted,collectedBy_uuid,insertBy_uuid,status) VALUES ('uuid-M1058','MapArea1058','M1058','uuid-MapArea','uuid-Bioko','2014-04-02',NULL,NULL,NULL,false,'588968f1-8d2a-11e3-baa8-0800200c9a66','588968f0-8d2a-11e3-baa8-0800200c9a66','A');

INSERT INTO `locationhierarchy` (uuid,name,extId,level_uuid,parent_uuid,insertDate,voidDate,voidReason,voidBy_uuid,deleted,collectedBy_uuid,insertBy_uuid,status) VALUES ('uuid-M1000S057','Sector057','M1000S057','uuid-Sector','uuid-M1000','2014-04-02',NULL,NULL,NULL,false,'588968f1-8d2a-11e3-baa8-0800200c9a66','588968f0-8d2a-11e3-baa8-0800200c9a66','A');
INSERT INTO `locationhierarchy` (uuid,name,extId,level_uuid,parent_uuid,insertDate,voidDate,voidReason,voidBy_uuid,deleted,collectedBy_uuid,insertBy_uuid,status) VALUES ('uuid-M1000S058','Sector058','M1000S058','uuid-Sector','uuid-M1000','2014-04-02',NULL,NULL,NULL,false,'588968f1-8d2a-11e3-baa8-0800200c9a66','588968f0-8d2a-11e3-baa8-0800200c9a66','A');
INSERT INTO `locationhierarchy` (uuid,name,extId,level_uuid,parent_uuid,insertDate,voidDate,voidReason,voidBy_uuid,deleted,collectedBy_uuid,insertBy_uuid,status) VALUES ('uuid-M1058S029','Sector029','M1058S029','uuid-Sector','uuid-M1058','2014-04-02',NULL,NULL,NULL,false,'588968f1-8d2a-11e3-baa8-0800200c9a66','588968f0-8d2a-11e3-baa8-0800200c9a66','A');
INSERT INTO `locationhierarchy` (uuid,name,extId,level_uuid,parent_uuid,insertDate,voidDate,voidReason,voidBy_uuid,deleted,collectedBy_uuid,insertBy_uuid,status) VALUES ('uuid-M1058S030','Sector030','M1058S030','uuid-Sector','uuid-M1058','2014-04-02',NULL,NULL,NULL,false,'588968f1-8d2a-11e3-baa8-0800200c9a66','588968f0-8d2a-11e3-baa8-0800200c9a66','A');

INSERT INTO `location` (uuid,extId,locationName,locationLevel_uuid,locationType,insertDate,voidDate,voidReason,voidBy_uuid,deleted,collectedBy_uuid,insertBy_uuid,status) VALUES ('uuid-M1000S057E08P1','M1000S057E08P1','Household A','uuid-M1000S057','RUR','2014-04-02',NULL,NULL,NULL,false,'588968f1-8d2a-11e3-baa8-0800200c9a66','588968f0-8d2a-11e3-baa8-0800200c9a66','A');
INSERT INTO `location` (uuid,extId,locationName,locationLevel_uuid,locationType,insertDate,voidDate,voidReason,voidBy_uuid,deleted,collectedBy_uuid,insertBy_uuid,status) VALUES ('uuid-M1000S057E09P1','M1000S057E09P1','Household B','uuid-M1000S057','RUR','2014-04-02',NULL,NULL,NULL,false,'588968f1-8d2a-11e3-baa8-0800200c9a66','588968f0-8d2a-11e3-baa8-0800200c9a66','A');
INSERT INTO `location` (uuid,extId,locationName,locationLevel_uuid,locationType,insertDate,voidDate,voidReason,voidBy_uuid,deleted,collectedBy_uuid,insertBy_uuid,status) VALUES ('uuid-M1000S058E01P1','M1000S058E01P1','Household C','uuid-M1000S058','RUR','2014-04-02',NULL,NULL,NULL,false,'588968f1-8d2a-11e3-baa8-0800200c9a66','588968f0-8d2a-11e3-baa8-0800200c9a66','A');
INSERT INTO `location` (uuid,extId,locationName,locationLevel_uuid,locationType,insertDate,voidDate,voidReason,voidBy_uuid,deleted,collectedBy_uuid,insertBy_uuid,status) VALUES ('uuid-M1000S058E02P1','M1000S058E02P1','Household D','uuid-M1000S058','RUR','2014-04-02',NULL,NULL,NULL,false,'588968f1-8d2a-11e3-baa8-0800200c9a66','588968f0-8d2a-11e3-baa8-0800200c9a66','A');
INSERT INTO `location` (uuid,extId,locationName,locationLevel_uuid,locationType,insertDate,voidDate,voidReason,voidBy_uuid,deleted,collectedBy_uuid,insertBy_uuid,status) VALUES ('uuid-M1058S029E08P1','M1058S029E08P1','Household E','uuid-M1058S029','RUR','2014-04-02',NULL,NULL,NULL,false,'588968f1-8d2a-11e3-baa8-0800200c9a66','588968f0-8d2a-11e3-baa8-0800200c9a66','A');
INSERT INTO `location` (uuid,extId,locationName,locationLevel_uuid,locationType,insertDate,voidDate,voidReason,voidBy_uuid,deleted,collectedBy_uuid,insertBy_uuid,status) VALUES ('uuid-M1058S029E09P1','M1058S029E09P1','Household F','uuid-M1058S029','RUR','2014-04-02',NULL,NULL,NULL,false,'588968f1-8d2a-11e3-baa8-0800200c9a66','588968f0-8d2a-11e3-baa8-0800200c9a66','A');
INSERT INTO `location` (uuid,extId,locationName,locationLevel_uuid,locationType,insertDate,voidDate,voidReason,voidBy_uuid,deleted,collectedBy_uuid,insertBy_uuid,status) VALUES ('uuid-M1058S030E01P1','M1058S030E01P1','Household G','uuid-M1058S030','RUR','2014-04-02',NULL,NULL,NULL,false,'588968f1-8d2a-11e3-baa8-0800200c9a66','588968f0-8d2a-11e3-baa8-0800200c9a66','A');
INSERT INTO `location` (uuid,extId,locationName,locationLevel_uuid,locationType,insertDate,voidDate,voidReason,voidBy_uuid,deleted,collectedBy_uuid,insertBy_uuid,status) VALUES ('uuid-M1058S030E02P1','M1058S030E02P1','Household H','uuid-M1058S030','RUR','2014-04-02',NULL,NULL,NULL,false,'588968f1-8d2a-11e3-baa8-0800200c9a66','588968f0-8d2a-11e3-baa8-0800200c9a66','A');

INSERT INTO `individual` (uuid,extId,firstName,middleName,lastName,gender,dob,mother_uuid,father_uuid,insertBy_uuid,insertDate,status,voidDate,voidReason,voidBy_uuid,deleted,collectedBy_uuid) VALUES ('uuid-Arthur-A','ARTA','Arthur','','A','M','1987-09-02','Unknown Individual','Unknown Individual','588968f0-8d2a-11e3-baa8-0800200c9a66','2014-04-02','A',NULL,NULL,NULL,false,'588968f1-8d2a-11e3-baa8-0800200c9a66');
INSERT INTO `residency` (uuid,location_uuid,individual_uuid,startDate,startType,endDate,endType,collectedBy_uuid,deleted,status,insertDate,insertBy_uuid) VALUES ('uuid-home-ARTA','uuid-M1058S030E02P1','uuid-Arthur-A','1989-02-21','BIR',NULL,'NA','588968f1-8d2a-11e3-baa8-0800200c9a66',false,'A','2012-04-17','588968f0-8d2a-11e3-baa8-0800200c9a66');

INSERT INTO `individual` (uuid,extId,firstName,middleName,lastName,gender,dob,mother_uuid,father_uuid,insertBy_uuid,insertDate,status,voidDate,voidReason,voidBy_uuid,deleted,collectedBy_uuid) VALUES ('uuid-Betty-B','BETB','Betty','','B','F','1987-09-02','Unknown Individual','Unknown Individual','588968f0-8d2a-11e3-baa8-0800200c9a66','2014-04-02','A',NULL,NULL,NULL,false,'588968f1-8d2a-11e3-baa8-0800200c9a66');
INSERT INTO `residency` (uuid,location_uuid,individual_uuid,startDate,startType,endDate,endType,collectedBy_uuid,deleted,status,insertDate,insertBy_uuid) VALUES ('uuid-home-BETB','uuid-M1058S030E02P1','uuid-Betty-B','1989-02-21','BIR',NULL,'NA','588968f1-8d2a-11e3-baa8-0800200c9a66',false,'A','2012-04-17','588968f0-8d2a-11e3-baa8-0800200c9a66');

INSERT INTO `individual` (uuid,extId,firstName,middleName,lastName,gender,dob,mother_uuid,father_uuid,insertBy_uuid,insertDate,status,voidDate,voidReason,voidBy_uuid,deleted,collectedBy_uuid) VALUES ('uuid-Caridad-C','CARC','Caridad','','C','F','1987-09-02','Unknown Individual','Unknown Individual','588968f0-8d2a-11e3-baa8-0800200c9a66','2014-04-02','A',NULL,NULL,NULL,false,'588968f1-8d2a-11e3-baa8-0800200c9a66');
INSERT INTO `residency` (uuid,location_uuid,individual_uuid,startDate,startType,endDate,endType,collectedBy_uuid,deleted,status,insertDate,insertBy_uuid) VALUES ('uuid-home-CARC','uuid-M1058S030E01P1','uuid-Caridad-C','1989-02-21','BIR',NULL,'NA','588968f1-8d2a-11e3-baa8-0800200c9a66',false,'A','2012-04-17','588968f0-8d2a-11e3-baa8-0800200c9a66');

INSERT INTO `individual` (uuid,extId,firstName,middleName,lastName,gender,dob,mother_uuid,father_uuid,insertBy_uuid,insertDate,status,voidDate,voidReason,voidBy_uuid,deleted,collectedBy_uuid) VALUES ('uuid-Don-D','DOND','Don','','D','M','1987-09-02','Unknown Individual','Unknown Individual','588968f0-8d2a-11e3-baa8-0800200c9a66','2014-04-02','A',NULL,NULL,NULL,false,'588968f1-8d2a-11e3-baa8-0800200c9a66');
INSERT INTO `residency` (uuid,location_uuid,individual_uuid,startDate,startType,endDate,endType,collectedBy_uuid,deleted,status,insertDate,insertBy_uuid) VALUES ('uuid-home-DOND','uuid-M1058S030E01P1','uuid-Don-D','1989-02-21','BIR',NULL,'NA','588968f1-8d2a-11e3-baa8-0800200c9a66',false,'A','2012-04-17','588968f0-8d2a-11e3-baa8-0800200c9a66');

INSERT INTO `individual` (uuid,extId,firstName,middleName,lastName,gender,dob,mother_uuid,father_uuid,insertBy_uuid,insertDate,status,voidDate,voidReason,voidBy_uuid,deleted,collectedBy_uuid) VALUES ('uuid-Eugene-E','EUGE','Eugene','','E','M','1987-09-02','Unknown Individual','Unknown Individual','588968f0-8d2a-11e3-baa8-0800200c9a66','2014-04-02','A',NULL,NULL,NULL,false,'588968f1-8d2a-11e3-baa8-0800200c9a66');
INSERT INTO `residency` (uuid,location_uuid,individual_uuid,startDate,startType,endDate,endType,collectedBy_uuid,deleted,status,insertDate,insertBy_uuid) VALUES ('uuid-home-EUGE','uuid-M1058S029E09P1','uuid-Eugene-E','1989-02-21','BIR',NULL,'NA','588968f1-8d2a-11e3-baa8-0800200c9a66',false,'A','2012-04-17','588968f0-8d2a-11e3-baa8-0800200c9a66');

INSERT INTO `individual` (uuid,extId,firstName,middleName,lastName,gender,dob,mother_uuid,father_uuid,insertBy_uuid,insertDate,status,voidDate,voidReason,voidBy_uuid,deleted,collectedBy_uuid) VALUES ('uuid-Florence-F','FLOF','Florence','','F','F','1987-09-02','Unknown Individual','Unknown Individual','588968f0-8d2a-11e3-baa8-0800200c9a66','2014-04-02','A',NULL,NULL,NULL,false,'588968f1-8d2a-11e3-baa8-0800200c9a66');
INSERT INTO `residency` (uuid,location_uuid,individual_uuid,startDate,startType,endDate,endType,collectedBy_uuid,deleted,status,insertDate,insertBy_uuid) VALUES ('uuid-home-FLOF','uuid-M1058S029E09P1','uuid-Florence-F','1989-02-21','BIR',NULL,'NA','588968f1-8d2a-11e3-baa8-0800200c9a66',false,'A','2012-04-17','588968f0-8d2a-11e3-baa8-0800200c9a66');

INSERT INTO `individual` (uuid,extId,firstName,middleName,lastName,gender,dob,mother_uuid,father_uuid,insertBy_uuid,insertDate,status,voidDate,voidReason,voidBy_uuid,deleted,collectedBy_uuid) VALUES ('uuid-Gabriel-G','GABG','Gabriel','','G','M','1987-09-02','Unknown Individual','Unknown Individual','588968f0-8d2a-11e3-baa8-0800200c9a66','2014-04-02','A',NULL,NULL,NULL,false,'588968f1-8d2a-11e3-baa8-0800200c9a66');
INSERT INTO `residency` (uuid,location_uuid,individual_uuid,startDate,startType,endDate,endType,collectedBy_uuid,deleted,status,insertDate,insertBy_uuid) VALUES ('uuid-home-GABG','uuid-M1058S029E08P1','uuid-Gabriel-G','1989-02-21','BIR',NULL,'NA','588968f1-8d2a-11e3-baa8-0800200c9a66',false,'A','2012-04-17','588968f0-8d2a-11e3-baa8-0800200c9a66');

INSERT INTO `individual` (uuid,extId,firstName,middleName,lastName,gender,dob,mother_uuid,father_uuid,insertBy_uuid,insertDate,status,voidDate,voidReason,voidBy_uuid,deleted,collectedBy_uuid) VALUES ('uuid-Henry-H','HENH','Henry','','H','M','1987-09-02','Unknown Individual','Unknown Individual','588968f0-8d2a-11e3-baa8-0800200c9a66','2014-04-02','A',NULL,NULL,NULL,false,'588968f1-8d2a-11e3-baa8-0800200c9a66');
INSERT INTO `residency` (uuid,location_uuid,individual_uuid,startDate,startType,endDate,endType,collectedBy_uuid,deleted,status,insertDate,insertBy_uuid) VALUES ('uuid-home-HENH','uuid-M1058S029E08P1','uuid-Henry-H','1989-02-21','BIR',NULL,'NA','588968f1-8d2a-11e3-baa8-0800200c9a66',false,'A','2012-04-17','588968f0-8d2a-11e3-baa8-0800200c9a66');

INSERT INTO `individual` (uuid,extId,firstName,middleName,lastName,gender,dob,mother_uuid,father_uuid,insertBy_uuid,insertDate,status,voidDate,voidReason,voidBy_uuid,deleted,collectedBy_uuid) VALUES ('uuid-Imelda-I','IMEI','Imelda','','I','F','1987-09-02','Unknown Individual','Unknown Individual','588968f0-8d2a-11e3-baa8-0800200c9a66','2014-04-02','A',NULL,NULL,NULL,false,'588968f1-8d2a-11e3-baa8-0800200c9a66');
INSERT INTO `residency` (uuid,location_uuid,individual_uuid,startDate,startType,endDate,endType,collectedBy_uuid,deleted,status,insertDate,insertBy_uuid) VALUES ('uuid-home-IMEI','uuid-M1000S058E02P1','uuid-Imelda-I','1989-02-21','BIR',NULL,'NA','588968f1-8d2a-11e3-baa8-0800200c9a66',false,'A','2012-04-17','588968f0-8d2a-11e3-baa8-0800200c9a66');

INSERT INTO `individual` (uuid,extId,firstName,middleName,lastName,gender,dob,mother_uuid,father_uuid,insertBy_uuid,insertDate,status,voidDate,voidReason,voidBy_uuid,deleted,collectedBy_uuid) VALUES ('uuid-Jacinta-J','JACJ','Jacinta','','J','F','1987-09-02','Unknown Individual','Unknown Individual','588968f0-8d2a-11e3-baa8-0800200c9a66','2014-04-02','A',NULL,NULL,NULL,false,'588968f1-8d2a-11e3-baa8-0800200c9a66');
INSERT INTO `residency` (uuid,location_uuid,individual_uuid,startDate,startType,endDate,endType,collectedBy_uuid,deleted,status,insertDate,insertBy_uuid) VALUES ('uuid-home-JACJ','uuid-M1000S058E02P1','uuid-Jacinta-J','1989-02-21','BIR',NULL,'NA','588968f1-8d2a-11e3-baa8-0800200c9a66',false,'A','2012-04-17','588968f0-8d2a-11e3-baa8-0800200c9a66');

INSERT INTO `individual` (uuid,extId,firstName,middleName,lastName,gender,dob,mother_uuid,father_uuid,insertBy_uuid,insertDate,status,voidDate,voidReason,voidBy_uuid,deleted,collectedBy_uuid) VALUES ('uuid-Kevin-K','KEVK','Kevin','','K','M','1987-09-02','Unknown Individual','Unknown Individual','588968f0-8d2a-11e3-baa8-0800200c9a66','2014-04-02','A',NULL,NULL,NULL,false,'588968f1-8d2a-11e3-baa8-0800200c9a66');
INSERT INTO `residency` (uuid,location_uuid,individual_uuid,startDate,startType,endDate,endType,collectedBy_uuid,deleted,status,insertDate,insertBy_uuid) VALUES ('uuid-home-KEVK','uuid-M1000S058E01P1','uuid-Kevin-K','1989-02-21','BIR',NULL,'NA','588968f1-8d2a-11e3-baa8-0800200c9a66',false,'A','2012-04-17','588968f0-8d2a-11e3-baa8-0800200c9a66');

INSERT INTO `individual` (uuid,extId,firstName,middleName,lastName,gender,dob,mother_uuid,father_uuid,insertBy_uuid,insertDate,status,voidDate,voidReason,voidBy_uuid,deleted,collectedBy_uuid) VALUES ('uuid-Leoncio-L','LEOL','Leoncio','','L','M','1987-09-02','Unknown Individual','Unknown Individual','588968f0-8d2a-11e3-baa8-0800200c9a66','2014-04-02','A',NULL,NULL,NULL,false,'588968f1-8d2a-11e3-baa8-0800200c9a66');
INSERT INTO `residency` (uuid,location_uuid,individual_uuid,startDate,startType,endDate,endType,collectedBy_uuid,deleted,status,insertDate,insertBy_uuid) VALUES ('uuid-home-LEOL','uuid-M1000S058E01P1','uuid-Leoncio-L','1989-02-21','BIR',NULL,'NA','588968f1-8d2a-11e3-baa8-0800200c9a66',false,'A','2012-04-17','588968f0-8d2a-11e3-baa8-0800200c9a66');

INSERT INTO `individual` (uuid,extId,firstName,middleName,lastName,gender,dob,mother_uuid,father_uuid,insertBy_uuid,insertDate,status,voidDate,voidReason,voidBy_uuid,deleted,collectedBy_uuid) VALUES ('uuid-Mara-M','MARM','Mara','','M','F','1987-09-02','Unknown Individual','Unknown Individual','588968f0-8d2a-11e3-baa8-0800200c9a66','2014-04-02','A',NULL,NULL,NULL,false,'588968f1-8d2a-11e3-baa8-0800200c9a66');
INSERT INTO `residency` (uuid,location_uuid,individual_uuid,startDate,startType,endDate,endType,collectedBy_uuid,deleted,status,insertDate,insertBy_uuid) VALUES ('uuid-home-MARM','uuid-M1000S057E09P1','uuid-Mara-M','1989-02-21','BIR',NULL,'NA','588968f1-8d2a-11e3-baa8-0800200c9a66',false,'A','2012-04-17','588968f0-8d2a-11e3-baa8-0800200c9a66');

INSERT INTO `individual` (uuid,extId,firstName,middleName,lastName,gender,dob,mother_uuid,father_uuid,insertBy_uuid,insertDate,status,voidDate,voidReason,voidBy_uuid,deleted,collectedBy_uuid) VALUES ('uuid-Noah-N','NOAN','Noah','','N','M','1987-09-02','Unknown Individual','Unknown Individual','588968f0-8d2a-11e3-baa8-0800200c9a66','2014-04-02','A',NULL,NULL,NULL,false,'588968f1-8d2a-11e3-baa8-0800200c9a66');
INSERT INTO `residency` (uuid,location_uuid,individual_uuid,startDate,startType,endDate,endType,collectedBy_uuid,deleted,status,insertDate,insertBy_uuid) VALUES ('uuid-home-NOAN','uuid-M1000S057E09P1','uuid-Noah-N','1989-02-21','BIR',NULL,'NA','588968f1-8d2a-11e3-baa8-0800200c9a66',false,'A','2012-04-17','588968f0-8d2a-11e3-baa8-0800200c9a66');

INSERT INTO `individual` (uuid,extId,firstName,middleName,lastName,gender,dob,mother_uuid,father_uuid,insertBy_uuid,insertDate,status,voidDate,voidReason,voidBy_uuid,deleted,collectedBy_uuid) VALUES ('uuid-Oprah-O','OPRO','Oprah','','O','F','1987-09-02','Unknown Individual','Unknown Individual','588968f0-8d2a-11e3-baa8-0800200c9a66','2014-04-02','A',NULL,NULL,NULL,false,'588968f1-8d2a-11e3-baa8-0800200c9a66');
INSERT INTO `residency` (uuid,location_uuid,individual_uuid,startDate,startType,endDate,endType,collectedBy_uuid,deleted,status,insertDate,insertBy_uuid) VALUES ('uuid-home-OPRO','uuid-M1000S057E08P1','uuid-Oprah-O','1989-02-21','BIR',NULL,'NA','588968f1-8d2a-11e3-baa8-0800200c9a66',false,'A','2012-04-17','588968f0-8d2a-11e3-baa8-0800200c9a66');

INSERT INTO `individual` (uuid,extId,firstName,middleName,lastName,gender,dob,mother_uuid,father_uuid,insertBy_uuid,insertDate,status,voidDate,voidReason,voidBy_uuid,deleted,collectedBy_uuid) VALUES ('uuid-Penelope-P','PENP','Penelope','','P','F','1987-09-02','Unknown Individual','Unknown Individual','588968f0-8d2a-11e3-baa8-0800200c9a66','2014-04-02','A',NULL,NULL,NULL,false,'588968f1-8d2a-11e3-baa8-0800200c9a66');
INSERT INTO `residency` (uuid,location_uuid,individual_uuid,startDate,startType,endDate,endType,collectedBy_uuid,deleted,status,insertDate,insertBy_uuid) VALUES ('uuid-home-PENP','uuid-M1000S057E08P1','uuid-Penelope-P','1989-02-21','BIR',NULL,'NA','588968f1-8d2a-11e3-baa8-0800200c9a66',false,'A','2012-04-17','588968f0-8d2a-11e3-baa8-0800200c9a66');
