INSERT INTO `user` (uuid, firstName, lastName, fullName, description, username, password, lastLoginTime, deleted) VALUES ('588968f0-8d2a-11e3-baa8-0800200c9a66', 'Ben', 'Heasly', 'Ben Heasly Baseline', 'Add baseline data with bioko-style location ids', 'bsh-baseline', 'bsh-baseline', 0, false);
INSERT INTO `user_roles` (user_uuid, role_uuid) VALUES ('588968f0-8d2a-11e3-baa8-0800200c9a66', 'ROLE1');

INSERT INTO `fieldworker` (uuid, extid, firstname, lastname, deleted) VALUES ('588968f1-8d2a-11e3-baa8-0800200c9a66','FWBH1', 'Ben', 'Heasly', false);

INSERT INTO `locationhierarchylevel` (uuid,keyIdentifier,name) VALUES('588968f2-8d2a-11e3-baa8-0800200c9a66',1,'Country');
INSERT INTO `locationhierarchylevel` (uuid,keyIdentifier,name) VALUES('588968f3-8d2a-11e3-baa8-0800200c9a66',2,'Region');
INSERT INTO `locationhierarchylevel` (uuid,keyIdentifier,name) VALUES('588968f4-8d2a-11e3-baa8-0800200c9a66',3,'Map Area');
INSERT INTO `locationhierarchylevel` (uuid,keyIdentifier,name) VALUES('588968f5-8d2a-11e3-baa8-0800200c9a66',4,'Sector');
INSERT INTO `locationhierarchylevel` (uuid,keyIdentifier,name) VALUES('588968f6-8d2a-11e3-baa8-0800200c9a66',5,'Building');
INSERT INTO `locationhierarchylevel` (uuid,keyIdentifier,name) VALUES('588968f7-8d2a-11e3-baa8-0800200c9a66',6,'Floor');

INSERT INTO `locationhierarchy` (uuid,name,extId,level_uuid,parent_uuid,insertDate,voidDate,voidReason,voidBy_uuid,deleted,collectedBy_uuid,insertBy_uuid,status) VALUES ('58899000-8d2a-11e3-baa8-0800200c9a66','EquatorialGuinea','EQG','588968f2-8d2a-11e3-baa8-0800200c9a66','hierarchy_root','2014-01-23',NULL,NULL,NULL,false,'588968f1-8d2a-11e3-baa8-0800200c9a66','588968f0-8d2a-11e3-baa8-0800200c9a66','A');
INSERT INTO `locationhierarchy` (uuid,name,extId,level_uuid,parent_uuid,insertDate,voidDate,voidReason,voidBy_uuid,deleted,collectedBy_uuid,insertBy_uuid,status) VALUES ('58899001-8d2a-11e3-baa8-0800200c9a66','BiokoIsland','BII','588968f3-8d2a-11e3-baa8-0800200c9a66','58899000-8d2a-11e3-baa8-0800200c9a66','2014-01-23',NULL,NULL,NULL,false,'588968f1-8d2a-11e3-baa8-0800200c9a66','588968f0-8d2a-11e3-baa8-0800200c9a66','A');

INSERT INTO `locationhierarchy` (uuid,name,extId,level_uuid,parent_uuid,insertDate,voidDate,voidReason,voidBy_uuid,deleted,collectedBy_uuid,insertBy_uuid,status) VALUES ('58899002-8d2a-11e3-baa8-0800200c9a66','MapArea001','M001','588968f4-8d2a-11e3-baa8-0800200c9a66','58899001-8d2a-11e3-baa8-0800200c9a66','2014-01-23',NULL,NULL,NULL,false,'588968f1-8d2a-11e3-baa8-0800200c9a66','588968f0-8d2a-11e3-baa8-0800200c9a66','A');
INSERT INTO `locationhierarchy` (uuid,name,extId,level_uuid,parent_uuid,insertDate,voidDate,voidReason,voidBy_uuid,deleted,collectedBy_uuid,insertBy_uuid,status) VALUES ('58899003-8d2a-11e3-baa8-0800200c9a66','Sector01','M001S01','588968f5-8d2a-11e3-baa8-0800200c9a66','58899002-8d2a-11e3-baa8-0800200c9a66','2014-01-23',NULL,NULL,NULL,false,'588968f1-8d2a-11e3-baa8-0800200c9a66','588968f0-8d2a-11e3-baa8-0800200c9a66','A');
INSERT INTO `locationhierarchy` (uuid,name,extId,level_uuid,parent_uuid,insertDate,voidDate,voidReason,voidBy_uuid,deleted,collectedBy_uuid,insertBy_uuid,status) VALUES ('58899004-8d2a-11e3-baa8-0800200c9a66','Building01','M001S01E01','588968f6-8d2a-11e3-baa8-0800200c9a66','58899003-8d2a-11e3-baa8-0800200c9a66','2014-01-23',NULL,NULL,NULL,false,'588968f1-8d2a-11e3-baa8-0800200c9a66','588968f0-8d2a-11e3-baa8-0800200c9a66','A');
INSERT INTO `locationhierarchy` (uuid,name,extId,level_uuid,parent_uuid,insertDate,voidDate,voidReason,voidBy_uuid,deleted,collectedBy_uuid,insertBy_uuid,status) VALUES ('58899005-8d2a-11e3-baa8-0800200c9a66','Floor1','M001S01E01P1','588968f6-8d2a-11e3-baa8-0800200c9a66','58899004-8d2a-11e3-baa8-0800200c9a6658899004-8d2a-11e3-baa8-0800200c9a66','2014-01-23',NULL,NULL,NULL,false,'588968f1-8d2a-11e3-baa8-0800200c9a66','588968f0-8d2a-11e3-baa8-0800200c9a66','A');

INSERT INTO `locationhierarchy` (uuid,name,extId,level_uuid,parent_uuid,insertDate,voidDate,voidReason,voidBy_uuid,deleted,collectedBy_uuid,insertBy_uuid,status) VALUES ('58899006-8d2a-11e3-baa8-0800200c9a66','MapArea002','M002','588968f4-8d2a-11e3-baa8-0800200c9a66','58899001-8d2a-11e3-baa8-0800200c9a66','2014-01-23',NULL,NULL,NULL,false,'588968f1-8d2a-11e3-baa8-0800200c9a66','588968f0-8d2a-11e3-baa8-0800200c9a66','A');
INSERT INTO `locationhierarchy` (uuid,name,extId,level_uuid,parent_uuid,insertDate,voidDate,voidReason,voidBy_uuid,deleted,collectedBy_uuid,insertBy_uuid,status) VALUES ('58899007-8d2a-11e3-baa8-0800200c9a66','Sector01','M002S01','588968f5-8d2a-11e3-baa8-0800200c9a66','58899006-8d2a-11e3-baa8-0800200c9a66','2014-01-23',NULL,NULL,NULL,false,'588968f1-8d2a-11e3-baa8-0800200c9a66','588968f0-8d2a-11e3-baa8-0800200c9a66','A');
INSERT INTO `locationhierarchy` (uuid,name,extId,level_uuid,parent_uuid,insertDate,voidDate,voidReason,voidBy_uuid,deleted,collectedBy_uuid,insertBy_uuid,status) VALUES ('58899008-8d2a-11e3-baa8-0800200c9a66','Building01','M002S01E01','588968f6-8d2a-11e3-baa8-0800200c9a66','58899007-8d2a-11e3-baa8-0800200c9a66','2014-01-23',NULL,NULL,NULL,false,'588968f1-8d2a-11e3-baa8-0800200c9a66','588968f0-8d2a-11e3-baa8-0800200c9a66','A');
INSERT INTO `locationhierarchy` (uuid,name,extId,level_uuid,parent_uuid,insertDate,voidDate,voidReason,voidBy_uuid,deleted,collectedBy_uuid,insertBy_uuid,status) VALUES ('58899009-8d2a-11e3-baa8-0800200c9a66','Floor1','M002S01E01P1','588968f6-8d2a-11e3-baa8-0800200c9a66','58899008-8d2a-11e3-baa8-0800200c9a66','2014-01-23',NULL,NULL,NULL,false,'588968f1-8d2a-11e3-baa8-0800200c9a66','588968f0-8d2a-11e3-baa8-0800200c9a66','A');

INSERT INTO `locationhierarchy` (uuid,name,extId,level_uuid,parent_uuid,insertDate,voidDate,voidReason,voidBy_uuid,deleted,collectedBy_uuid,insertBy_uuid,status) VALUES ('5889900a-8d2a-11e3-baa8-0800200c9a66','Sector02','M002S02','588968f5-8d2a-11e3-baa8-0800200c9a66','58899006-8d2a-11e3-baa8-0800200c9a66','2014-01-23',NULL,NULL,NULL,false,'588968f1-8d2a-11e3-baa8-0800200c9a66','588968f0-8d2a-11e3-baa8-0800200c9a66','A');
INSERT INTO `locationhierarchy` (uuid,name,extId,level_uuid,parent_uuid,insertDate,voidDate,voidReason,voidBy_uuid,deleted,collectedBy_uuid,insertBy_uuid,status) VALUES ('5889900b-8d2a-11e3-baa8-0800200c9a66','Building01','M002S02E01','588968f6-8d2a-11e3-baa8-0800200c9a66','5889900a-8d2a-11e3-baa8-0800200c9a66','2014-01-23',NULL,NULL,NULL,false,'588968f1-8d2a-11e3-baa8-0800200c9a66','588968f0-8d2a-11e3-baa8-0800200c9a66','A');
INSERT INTO `locationhierarchy` (uuid,name,extId,level_uuid,parent_uuid,insertDate,voidDate,voidReason,voidBy_uuid,deleted,collectedBy_uuid,insertBy_uuid,status) VALUES ('5889900c-8d2a-11e3-baa8-0800200c9a66','Floor1','M002S02E01P1','588968f6-8d2a-11e3-baa8-0800200c9a66','5889900b-8d2a-11e3-baa8-0800200c9a66','2014-01-23',NULL,NULL,NULL,false,'588968f1-8d2a-11e3-baa8-0800200c9a66','588968f0-8d2a-11e3-baa8-0800200c9a66','A');

INSERT INTO `locationhierarchy` (uuid,name,extId,level_uuid,parent_uuid,insertDate,voidDate,voidReason,voidBy_uuid,deleted,collectedBy_uuid,insertBy_uuid,status) VALUES ('5889900d-8d2a-11e3-baa8-0800200c9a66','Building02','M002S02E02','588968f6-8d2a-11e3-baa8-0800200c9a66','5889900a-8d2a-11e3-baa8-0800200c9a66','2014-01-23',NULL,NULL,NULL,false,'588968f1-8d2a-11e3-baa8-0800200c9a66','588968f0-8d2a-11e3-baa8-0800200c9a66','A');
INSERT INTO `locationhierarchy` (uuid,name,extId,level_uuid,parent_uuid,insertDate,voidDate,voidReason,voidBy_uuid,deleted,collectedBy_uuid,insertBy_uuid,status) VALUES ('5889900e-8d2a-11e3-baa8-0800200c9a66','Floor1','M002S02E02P1','588968f6-8d2a-11e3-baa8-0800200c9a66','5889900d-8d2a-11e3-baa8-0800200c9a66','2014-01-23',NULL,NULL,NULL,false,'588968f1-8d2a-11e3-baa8-0800200c9a66','588968f0-8d2a-11e3-baa8-0800200c9a66','A');

INSERT INTO `locationhierarchy` (uuid,name,extId,level_uuid,parent_uuid,insertDate,voidDate,voidReason,voidBy_uuid,deleted,collectedBy_uuid,insertBy_uuid,status) VALUES ('5889900f-8d2a-11e3-baa8-0800200c9a66','Floor2','M002S02E02P2','588968f6-8d2a-11e3-baa8-0800200c9a66','5889900d-8d2a-11e3-baa8-0800200c9a66','2014-01-23',NULL,NULL,NULL,false,'588968f1-8d2a-11e3-baa8-0800200c9a66','588968f0-8d2a-11e3-baa8-0800200c9a66','A');

INSERT INTO `location` (uuid,extId,locationName,locationLevel_uuid,locationType,insertDate,voidDate,voidReason,voidBy_uuid,deleted,collectedBy_uuid,insertBy_uuid,status) VALUES ('0fcceda0-8d2d-11e3-baa8-0800200c9a66','M001S01E01P1A','DwellingA','58899005-8d2a-11e3-baa8-0800200c9a66','RUR','2014-01-23',NULL,NULL,NULL,false,'588968f1-8d2a-11e3-baa8-0800200c9a66','588968f0-8d2a-11e3-baa8-0800200c9a66','A');
INSERT INTO `location` (uuid,extId,locationName,locationLevel_uuid,locationType,insertDate,voidDate,voidReason,voidBy_uuid,deleted,collectedBy_uuid,insertBy_uuid,status) VALUES ('0fcceda1-8d2d-11e3-baa8-0800200c9a66','M002S01E01P1B','DwellingB','58899009-8d2a-11e3-baa8-0800200c9a66','RUR','2014-01-23',NULL,NULL,NULL,false,'588968f1-8d2a-11e3-baa8-0800200c9a66','588968f0-8d2a-11e3-baa8-0800200c9a66','A');
INSERT INTO `location` (uuid,extId,locationName,locationLevel_uuid,locationType,insertDate,voidDate,voidReason,voidBy_uuid,deleted,collectedBy_uuid,insertBy_uuid,status) VALUES ('0fcceda2-8d2d-11e3-baa8-0800200c9a66','M002S02E01P1C','DwellingC','5889900c-8d2a-11e3-baa8-0800200c9a66','RUR','2014-01-23',NULL,NULL,NULL,false,'588968f1-8d2a-11e3-baa8-0800200c9a66','588968f0-8d2a-11e3-baa8-0800200c9a66','A');
INSERT INTO `location` (uuid,extId,locationName,locationLevel_uuid,locationType,insertDate,voidDate,voidReason,voidBy_uuid,deleted,collectedBy_uuid,insertBy_uuid,status) VALUES ('0fcceda3-8d2d-11e3-baa8-0800200c9a66','M002S02E02P1D','DwellingD','5889900e-8d2a-11e3-baa8-0800200c9a66','RUR','2014-01-23',NULL,NULL,NULL,false,'588968f1-8d2a-11e3-baa8-0800200c9a66','588968f0-8d2a-11e3-baa8-0800200c9a66','A');
INSERT INTO `location` (uuid,extId,locationName,locationLevel_uuid,locationType,insertDate,voidDate,voidReason,voidBy_uuid,deleted,collectedBy_uuid,insertBy_uuid,status) VALUES ('0fcceda4-8d2d-11e3-baa8-0800200c9a66','M002S02E02P2E','DwellingE','5889900f-8d2a-11e3-baa8-0800200c9a66','RUR','2014-01-23',NULL,NULL,NULL,false,'588968f1-8d2a-11e3-baa8-0800200c9a66','588968f0-8d2a-11e3-baa8-0800200c9a66','A');

INSERT INTO `round` (uuid,roundNumber,startDate,endDate,remarks) VALUES('d369c820-8dbc-11e3-baa8-0800200c9a66',1,'2014-01-01','2014-12-31', 'bsh-baseline test round');
